{"cameraMode":{"drawMode":0,"name":"Shaded","section":"Shading Mode"},"sceneLighting":false,"audioPlay":false,"sceneViewState":{"showFog":true,"showMaterialUpdate":false,"showSkybox":true,"showFlares":true,"showImageEffects":true,"showParticleSystems":true},"in2DMode":false,"pivot":{"x":0.2598569393157959,"y":0.6059556007385254,"z":0.09398984909057617},"rotation":{"x":0.14030711352825166,"y":0.3455228805541992,"z":-0.05233108252286911,"w":0.9263851046562195},"size":10.177728652954102,"orthographic":false}