{"cameraMode":{"drawMode":0,"name":"Shaded","section":"Shading Mode"},"sceneLighting":false,"audioPlay":false,"sceneViewState":{"showFog":true,"showMaterialUpdate":false,"showSkybox":true,"showFlares":true,"showImageEffects":true,"showParticleSystems":true},"in2DMode":false,"pivot":{"x":-0.6259585618972778,"y":3.6775553226470949,"z":-4.661358833312988},"rotation":{"x":0.2093827873468399,"y":0.08786793053150177,"z":-0.018894610926508905,"w":0.9736945629119873},"size":20.5145263671875,"orthographic":false}